Date,Campaign,Platform,Placement,Impressions,Reach,Clicks,Engagements,Spent,Conversions,Revenue,CTR (%),CPC,ROI (%)
01-07-2024,Summer Sale,Facebook,Feed,20795,13621,960,1145,6387.93,102,28389.98,4.62,6.65,344.43
01-07-2024,Summer Sale,Facebook,Stories,42194,36280,1582,1173,2285.8,130,14070.39,3.75,1.44,515.56
01-07-2024,Summer Sale,Facebook,Reels,5769,4902,443,855,1007.01,187,32418.66,7.68,2.27,3119.3
01-07-2024,Summer Sale,Instagram,Feed,24769,14913,121,906,3621.06,58,15076.77,0.49,29.93,316.36
01-07-2024,Summer Sale,Instagram,Stories,23431,20903,1599,239,1815.46,189,33995.34,6.82,1.14,1772.55
01-07-2024,Summer Sale,Instagram,Reels,6267,4637,931,696,2534.72,166,17480.79,14.86,2.72,589.65
01-07-2024,New Collection,Facebook,Feed,13792,10605,415,826,1143.7,129,48206.42,3.01,2.76,4114.95
01-07-2024,New Collection,Facebook,Stories,28483,22302,1578,825,1309.5,80,16280.96,5.54,0.83,1143.3
01-07-2024,New Collection,Facebook,Reels,8943,6202,1511,1463,2871.47,3,521.83,16.9,1.9,-81.83
01-07-2024,New Collection,Instagram,Feed,11873,10470,1679,1045,6381.1,47,10838.97,14.14,3.8,69.86
01-07-2024,New Collection,Instagram,Stories,45397,34331,1850,345,8600.8,81,25586.03,4.08,4.65,197.48
01-07-2024,New Collection,Instagram,Reels,26271,17976,316,429,3483.99,156,65657.09,1.2,11.03,1784.54
01-07-2024,Brand Awareness,Facebook,Feed,45774,38069,620,697,1049.7,138,24776.1,1.35,1.69,2260.3
01-07-2024,Brand Awareness,Facebook,Stories,38159,31941,1798,428,1666.4,40,18639.35,4.71,0.93,1018.54
01-07-2024,Brand Awareness,Facebook,Reels,13392,9840,1963,1106,1572.03,150,55130.48,14.66,0.8,3406.96
01-07-2024,Brand Awareness,Instagram,Feed,35818,28341,783,1010,4446.34,174,67041.84,2.19,5.68,1407.8
01-07-2024,Brand Awareness,Instagram,Stories,22412,15033,1341,447,5444.16,136,52260.06,5.98,4.06,859.93
01-07-2024,Brand Awareness,Instagram,Reels,27361,20022,1677,913,6727.69,51,16590.82,6.13,4.01,146.61
01-07-2024,Festive Offer,Facebook,Feed,27403,17587,1857,280,4693.45,170,30808.16,6.78,2.53,556.41
01-07-2024,Festive Offer,Facebook,Stories,21198,17137,1822,627,6619.19,61,21555.05,8.6,3.63,225.64
01-07-2024,Festive Offer,Facebook,Reels,7693,6470,895,1413,9033.03,74,17000.61,11.63,10.09,88.2
01-07-2024,Festive Offer,Instagram,Feed,15230,10765,1471,239,1990.47,120,43089.13,9.66,1.35,2064.77
01-07-2024,Festive Offer,Instagram,Stories,11776,8311,727,1332,1062.57,199,62413.52,6.17,1.46,5773.83
01-07-2024,Festive Offer,Instagram,Reels,8748,5563,1348,733,3197.13,58,13298.31,15.41,2.37,315.95
02-07-2024,Summer Sale,Facebook,Feed,35303,28627,1595,1186,1584.03,185,89721.1,4.52,0.99,5564.1
02-07-2024,Summer Sale,Facebook,Stories,49417,34110,1510,1001,1331.98,112,54952.35,3.06,0.88,4025.61
02-07-2024,Summer Sale,Facebook,Reels,5854,5107,1859,1476,7126.35,52,15380.62,31.76,3.83,115.83
02-07-2024,Summer Sale,Instagram,Feed,43559,29298,1833,885,1727.68,183,35695.07,4.21,0.94,1966.07
02-07-2024,Summer Sale,Instagram,Stories,30342,21552,393,933,9850.81,138,58867.04,1.3,25.07,497.59
02-07-2024,Summer Sale,Instagram,Reels,27671,17853,708,236,2678.67,92,40787.6,2.56,3.78,1422.68
02-07-2024,New Collection,Facebook,Feed,7811,5202,1054,1419,5608.84,146,34962.09,13.49,5.32,523.34
02-07-2024,New Collection,Facebook,Stories,6734,5940,1943,600,9430.57,128,47395.33,28.85,4.85,402.57
02-07-2024,New Collection,Facebook,Reels,13120,8694,572,1488,8896.05,98,18759.16,4.36,15.55,110.87
02-07-2024,New Collection,Instagram,Feed,36065,27645,723,930,3176.67,47,22849.88,2,4.39,619.3
02-07-2024,New Collection,Instagram,Stories,25932,22425,1160,1064,4051.27,98,37254.03,4.47,3.49,819.56
02-07-2024,New Collection,Instagram,Reels,6154,5330,503,1193,8989.93,115,15370.44,8.17,17.87,70.97
02-07-2024,Brand Awareness,Facebook,Feed,37711,32792,1543,303,1082.77,98,47967.62,4.09,0.7,4330.08
02-07-2024,Brand Awareness,Facebook,Stories,7961,6087,977,871,5035.82,188,35665.05,12.27,5.15,608.23
02-07-2024,Brand Awareness,Facebook,Reels,29736,19958,1703,1350,2609.4,127,50503.86,5.73,1.53,1835.46
02-07-2024,Brand Awareness,Instagram,Feed,38986,26994,500,737,1843.07,114,40416.77,1.28,3.69,2092.9
02-07-2024,Brand Awareness,Instagram,Stories,22429,17426,849,279,4537.88,181,83701.55,3.79,5.34,1744.51
02-07-2024,Brand Awareness,Instagram,Reels,35746,25201,325,333,7020.32,196,37646.53,0.91,21.6,436.25
02-07-2024,Festive Offer,Facebook,Feed,14007,10807,758,1265,6809.25,16,7965.12,5.41,8.98,16.97
02-07-2024,Festive Offer,Facebook,Stories,23589,16131,576,567,4331.43,36,16967.79,2.44,7.52,291.74
02-07-2024,Festive Offer,Facebook,Reels,36216,32232,401,1172,9822.98,115,25044.65,1.11,24.5,154.96
02-07-2024,Festive Offer,Instagram,Feed,40743,28319,1284,177,4354.18,53,20055.83,3.15,3.39,360.61
02-07-2024,Festive Offer,Instagram,Stories,39663,24954,785,1361,7040.29,150,23405.04,1.98,8.97,232.44
02-07-2024,Festive Offer,Instagram,Reels,21538,18591,589,834,8638.03,136,51815.13,2.73,14.67,499.85
03-07-2024,Summer Sale,Facebook,Feed,45111,31039,1162,808,4778.03,49,21894.62,2.58,4.11,358.24
03-07-2024,Summer Sale,Facebook,Stories,13716,10333,927,85,8184.66,64,8216.09,6.76,8.83,0.38
03-07-2024,Summer Sale,Facebook,Reels,45941,28264,499,520,1248.55,97,13346.5,1.09,2.5,968.96
03-07-2024,Summer Sale,Instagram,Feed,15966,11151,953,624,9836.57,149,50113.66,5.97,10.32,409.46
03-07-2024,Summer Sale,Instagram,Stories,36024,22034,1815,1127,5833.74,100,30889.73,5.04,3.21,429.5
03-07-2024,Summer Sale,Instagram,Reels,24508,16291,1695,54,5115.39,5,603.36,6.92,3.02,-88.21
03-07-2024,New Collection,Facebook,Feed,37093,30039,146,985,7534.82,12,5853.78,0.39,51.61,-22.31
03-07-2024,New Collection,Facebook,Stories,23077,19351,1782,880,4901.69,57,7488.81,7.72,2.75,52.78
03-07-2024,New Collection,Facebook,Reels,30316,26944,1597,840,4854.83,139,36637.78,5.27,3.04,654.67
03-07-2024,New Collection,Instagram,Feed,6081,3933,733,851,3158.09,117,45143.09,12.05,4.31,1329.44
03-07-2024,New Collection,Instagram,Stories,8343,6852,1312,630,6505.49,194,38623.92,15.73,4.96,493.71
03-07-2024,New Collection,Instagram,Reels,6679,5525,1558,746,4076.92,68,9361.07,23.33,2.62,129.61
03-07-2024,Brand Awareness,Facebook,Feed,35445,28749,1057,1277,1154.45,175,73983.91,2.98,1.09,6308.59
03-07-2024,Brand Awareness,Facebook,Stories,31211,23077,1412,406,4586.54,9,4316.92,4.52,3.25,-5.88
03-07-2024,Brand Awareness,Facebook,Reels,36843,24989,901,811,9400.93,95,42046.61,2.45,10.43,347.26
03-07-2024,Brand Awareness,Instagram,Feed,14540,11410,615,385,6781.77,127,45029.3,4.23,11.03,563.98
03-07-2024,Brand Awareness,Instagram,Stories,5851,4699,1787,429,2156.5,188,59830.38,30.54,1.21,2674.42
03-07-2024,Brand Awareness,Instagram,Reels,43155,36514,1958,1241,9148.16,43,9012.13,4.54,4.67,-1.49
03-07-2024,Festive Offer,Facebook,Feed,25491,18179,1730,1326,1849.99,34,7977.14,6.79,1.07,331.2
03-07-2024,Festive Offer,Facebook,Stories,33761,24160,875,1019,1209.45,161,32888.73,2.59,1.38,2619.31
03-07-2024,Festive Offer,Facebook,Reels,25358,20485,1319,1148,8897.25,163,43550.08,5.2,6.75,389.48
03-07-2024,Festive Offer,Instagram,Feed,28548,21821,860,506,6116.68,176,69108,3.01,7.11,1029.83
03-07-2024,Festive Offer,Instagram,Stories,22955,15494,1077,145,4067.23,189,61377.12,4.69,3.78,1409.06
03-07-2024,Festive Offer,Instagram,Reels,49811,40045,1492,328,7790.89,104,26113.52,3,5.22,235.18
04-07-2024,Summer Sale,Facebook,Feed,49912,37382,161,778,3880.45,186,26038.88,0.32,24.1,571.03
04-07-2024,Summer Sale,Facebook,Stories,18923,16795,495,125,4194.15,27,12960.67,2.62,8.47,209.02
04-07-2024,Summer Sale,Facebook,Reels,37307,27902,950,193,5036.01,98,33415.68,2.55,5.3,563.53
04-07-2024,Summer Sale,Instagram,Feed,36667,24340,990,1224,8031.66,38,5186.33,2.7,8.11,-35.43
04-07-2024,Summer Sale,Instagram,Stories,26545,16385,1309,1296,1502.84,162,73723.23,4.93,1.15,4805.59
04-07-2024,Summer Sale,Instagram,Reels,42098,26737,1966,637,7192.27,185,64248.14,4.67,3.66,793.29
04-07-2024,New Collection,Facebook,Feed,16516,10326,1353,1241,1654.87,177,80846.3,8.19,1.22,4785.36
04-07-2024,New Collection,Facebook,Stories,22924,14337,128,388,6231.75,108,26811.74,0.56,48.69,330.24
04-07-2024,New Collection,Facebook,Reels,46459,41077,1780,266,6327,35,8767.63,3.83,3.55,38.57
04-07-2024,New Collection,Instagram,Feed,24870,20720,1910,1255,7345.76,89,20656.99,7.68,3.85,181.21
04-07-2024,New Collection,Instagram,Stories,20485,13850,1574,803,5217.95,57,22594.2,7.68,3.32,333.01
04-07-2024,New Collection,Instagram,Reels,18116,14397,994,1074,7129.35,91,44123.08,5.49,7.17,518.89
04-07-2024,Brand Awareness,Facebook,Feed,38982,26730,1631,873,5755.33,116,56293.53,4.18,3.53,878.11
04-07-2024,Brand Awareness,Facebook,Stories,41395,36881,784,864,9020.29,117,54973.31,1.89,11.51,509.44
04-07-2024,Brand Awareness,Facebook,Reels,16003,10816,1352,1475,2495.94,48,18158.37,8.45,1.85,627.52
04-07-2024,Brand Awareness,Instagram,Feed,47356,36714,1689,705,7633.91,11,5318.29,3.57,4.52,-30.33
04-07-2024,Brand Awareness,Instagram,Stories,16023,11510,1067,1481,6581.19,7,1175.1,6.66,6.17,-82.14
04-07-2024,Brand Awareness,Instagram,Reels,41487,27747,797,589,1699.61,40,8159.2,1.92,2.13,380.06
04-07-2024,Festive Offer,Facebook,Feed,43810,26710,601,1274,3785.75,156,23910.75,1.37,6.3,531.6
04-07-2024,Festive Offer,Facebook,Stories,10713,8760,982,499,1744.74,29,12946.34,9.17,1.78,642.02
04-07-2024,Festive Offer,Facebook,Reels,34548,21002,1128,423,8294.98,176,44122.42,3.27,7.35,431.92
04-07-2024,Festive Offer,Instagram,Feed,28833,20699,162,876,8579.07,160,45996.36,0.56,52.96,436.15
04-07-2024,Festive Offer,Instagram,Stories,45034,30714,610,872,8782.5,196,97977.87,1.35,14.4,1015.6
04-07-2024,Festive Offer,Instagram,Reels,43757,33545,870,1046,7535.09,82,16313.02,1.99,8.66,116.49
05-07-2024,Summer Sale,Facebook,Feed,43765,38785,100,766,2865.05,192,70786.61,0.23,28.65,2370.69
05-07-2024,Summer Sale,Facebook,Stories,47783,33804,133,1145,1199.66,161,46767.97,0.28,9.02,3798.44
05-07-2024,Summer Sale,Facebook,Reels,33538,28696,1429,1127,9711.76,56,18815.01,4.26,6.8,93.73
05-07-2024,Summer Sale,Instagram,Feed,24198,17571,1426,1302,6582.79,65,27431.16,5.89,4.62,316.71
05-07-2024,Summer Sale,Instagram,Stories,20781,12559,1827,855,6472.79,81,20808.71,8.79,3.54,221.48
05-07-2024,Summer Sale,Instagram,Reels,28386,24731,534,1381,5927.02,78,20172.13,1.88,11.1,240.34
05-07-2024,New Collection,Facebook,Feed,9854,8461,1229,182,8168.25,137,64477,12.47,6.65,689.36
05-07-2024,New Collection,Facebook,Stories,26833,18178,884,1033,1412.75,5,1485.24,3.29,1.6,5.13
05-07-2024,New Collection,Facebook,Reels,9300,7347,225,160,2159.92,182,60770.97,2.42,9.6,2713.58
05-07-2024,New Collection,Instagram,Feed,11090,8975,1497,949,2636.92,183,48433.6,13.5,1.76,1736.75
05-07-2024,New Collection,Instagram,Stories,23271,17559,1318,721,2550.88,121,22934.29,5.66,1.94,799.07
05-07-2024,New Collection,Instagram,Reels,26508,18120,1589,583,1798.32,0,0,5.99,1.13,-100
05-07-2024,Brand Awareness,Facebook,Feed,21907,19021,445,1151,3970.9,154,17821.63,2.03,8.92,348.81
05-07-2024,Brand Awareness,Facebook,Stories,15488,12210,146,288,5604.91,106,49644.99,0.94,38.39,785.74
05-07-2024,Brand Awareness,Facebook,Reels,9432,8116,1149,57,7734.34,179,32889.41,12.18,6.73,325.24
05-07-2024,Brand Awareness,Instagram,Feed,22022,16414,155,523,7839.6,77,21946.07,0.7,50.58,179.94
05-07-2024,Brand Awareness,Instagram,Stories,21748,13288,765,1385,2198.05,2,916.17,3.52,2.87,-58.32
05-07-2024,Brand Awareness,Instagram,Reels,24181,18368,462,1347,5026.71,114,22456.65,1.91,10.88,346.75
05-07-2024,Festive Offer,Facebook,Feed,13152,9379,1754,763,6075.69,16,2953.27,13.34,3.46,-51.39
05-07-2024,Festive Offer,Facebook,Stories,9632,6770,244,74,7111.92,66,23728.92,2.53,29.15,233.65
05-07-2024,Festive Offer,Facebook,Reels,31734,24153,327,83,6019.68,167,45534.86,1.03,18.41,656.43
05-07-2024,Festive Offer,Instagram,Feed,11738,8042,1677,741,6813.26,186,45093.6,14.29,4.06,561.85
05-07-2024,Festive Offer,Instagram,Stories,22260,19591,1864,711,3028,69,13688.43,8.37,1.62,352.06
05-07-2024,Festive Offer,Instagram,Reels,32139,21082,1473,399,2560.36,54,23593.98,4.58,1.74,821.51
06-07-2024,Summer Sale,Facebook,Feed,29818,21561,642,597,9975.3,5,1295.71,2.15,15.54,-87.01
06-07-2024,Summer Sale,Facebook,Stories,19043,16370,174,695,9775.6,93,15657.02,0.91,56.18,60.16
06-07-2024,Summer Sale,Facebook,Reels,18234,16024,673,896,5815.33,25,5299.79,3.69,8.64,-8.87
06-07-2024,Summer Sale,Instagram,Feed,37043,24304,1768,1191,7398.57,19,3742.31,4.77,4.18,-49.42
06-07-2024,Summer Sale,Instagram,Stories,7048,5852,189,188,9388.13,76,23790.72,2.68,49.67,153.41
06-07-2024,Summer Sale,Instagram,Reels,25128,17614,1001,59,5937.43,137,67949.82,3.98,5.93,1044.43
06-07-2024,New Collection,Facebook,Feed,10287,6443,1765,1392,7133.52,16,2346.85,17.16,4.04,-67.1
06-07-2024,New Collection,Facebook,Stories,32534,23540,1673,1168,9365.76,61,24301.78,5.14,5.6,159.47
06-07-2024,New Collection,Facebook,Reels,47929,42171,433,1210,2845.02,34,15999.71,0.9,6.57,462.38
06-07-2024,New Collection,Instagram,Feed,41159,25289,1017,1422,2257.95,104,41620.88,2.47,2.22,1743.3
06-07-2024,New Collection,Instagram,Stories,35523,30107,897,1238,8331.17,122,43127.42,2.53,9.29,417.66
06-07-2024,New Collection,Instagram,Reels,25611,22106,700,138,7146.84,71,19571.43,2.73,10.21,173.85
06-07-2024,Brand Awareness,Facebook,Feed,33173,24508,899,471,5858.03,62,18667.47,2.71,6.52,218.66
06-07-2024,Brand Awareness,Facebook,Stories,24096,20960,244,552,5786.72,52,24054.62,1.01,23.72,315.69
06-07-2024,Brand Awareness,Facebook,Reels,9018,5727,1162,628,6649.37,199,75119.92,12.89,5.72,1029.73
06-07-2024,Brand Awareness,Instagram,Feed,20374,16014,1746,527,9045.03,163,81349.56,8.57,5.18,799.38
06-07-2024,Brand Awareness,Instagram,Stories,37184,30196,1220,1484,7695.52,195,63951.4,3.28,6.31,731.02
06-07-2024,Brand Awareness,Instagram,Reels,37265,32160,616,914,1926.24,140,20195.38,1.65,3.13,948.44
06-07-2024,Festive Offer,Facebook,Feed,11371,8882,315,64,8175.66,4,1178.17,2.77,25.95,-85.59
06-07-2024,Festive Offer,Facebook,Stories,23755,19753,943,1484,6770.33,163,51685.63,3.97,7.18,663.41
06-07-2024,Festive Offer,Facebook,Reels,39884,26103,1783,921,6250.53,199,53618.31,4.47,3.51,757.82
06-07-2024,Festive Offer,Instagram,Feed,15541,10039,462,190,2252.05,110,42948.21,2.97,4.87,1807.07
06-07-2024,Festive Offer,Instagram,Stories,32306,20374,1583,1057,7269.86,119,12995.88,4.9,4.59,78.76
06-07-2024,Festive Offer,Instagram,Reels,5126,4261,1229,1451,1620.29,50,19728.88,23.98,1.32,1117.61
07-07-2024,Summer Sale,Facebook,Feed,49327,43292,1420,1480,2105.3,100,49393.65,2.88,1.48,2246.16
07-07-2024,Summer Sale,Facebook,Stories,6645,4235,519,874,3989.32,181,55663.88,7.81,7.69,1295.32
07-07-2024,Summer Sale,Facebook,Reels,7708,4751,1554,1210,2850.22,56,5703.76,20.16,1.83,100.12
07-07-2024,Summer Sale,Instagram,Feed,18224,13111,1926,586,8771.66,37,8825.92,10.57,4.55,0.62
07-07-2024,Summer Sale,Instagram,Stories,13666,11965,517,689,3021.44,107,49765.68,3.78,5.84,1547.08
07-07-2024,Summer Sale,Instagram,Reels,6990,5072,1303,1234,4261.55,62,13084.16,18.64,3.27,207.03
07-07-2024,New Collection,Facebook,Feed,24097,15995,255,1122,2602.32,83,23538.43,1.06,10.21,804.52
07-07-2024,New Collection,Facebook,Stories,42011,36053,1753,1136,9971.87,48,10552.24,4.17,5.69,5.82
07-07-2024,New Collection,Facebook,Reels,6759,4861,1264,484,2889.15,61,11105.41,18.7,2.29,284.38
07-07-2024,New Collection,Instagram,Feed,32952,23505,528,1217,6083.57,17,3699.5,1.6,11.52,-39.19
07-07-2024,New Collection,Instagram,Stories,43258,32802,1298,551,4966.86,113,33764.94,3,3.83,579.8
07-07-2024,New Collection,Instagram,Reels,30522,19256,930,1337,8756.07,102,40932.45,3.05,9.42,367.48
07-07-2024,Brand Awareness,Facebook,Feed,42641,37064,1581,211,4678.61,86,42275.24,3.71,2.96,803.59
07-07-2024,Brand Awareness,Facebook,Stories,31399,27006,1301,1081,1243.86,66,12700.37,4.14,0.96,921.04
07-07-2024,Brand Awareness,Facebook,Reels,15682,9501,1890,1127,4053.44,66,30028.96,12.05,2.14,640.83
07-07-2024,Brand Awareness,Instagram,Feed,25059,20454,1106,145,9898.56,31,13710.64,4.41,8.95,38.51
07-07-2024,Brand Awareness,Instagram,Stories,23922,21130,551,231,2844.86,54,24760.85,2.3,5.16,770.37
07-07-2024,Brand Awareness,Instagram,Reels,11150,6976,429,200,8633.15,111,19155.73,3.85,20.12,121.89
07-07-2024,Festive Offer,Facebook,Feed,18859,13699,1408,563,9195.62,196,46398.48,7.47,6.53,404.57
07-07-2024,Festive Offer,Facebook,Stories,42609,30418,1122,520,1308.05,19,6643.53,2.63,1.17,407.9
07-07-2024,Festive Offer,Facebook,Reels,18221,13950,1379,1299,8749.61,98,46979.37,7.57,6.34,436.93
07-07-2024,Festive Offer,Instagram,Feed,48861,31370,1487,763,6091.99,58,26553.61,3.04,4.1,335.88
07-07-2024,Festive Offer,Instagram,Stories,25607,18630,835,1188,5612.12,8,2533.23,3.26,6.72,-54.86
07-07-2024,Festive Offer,Instagram,Reels,46196,31291,1404,1351,8514.37,3,458.73,3.04,6.06,-94.61
08-07-2024,Summer Sale,Facebook,Feed,16372,11160,709,124,8403.25,127,18681.76,4.33,11.85,122.32
08-07-2024,Summer Sale,Facebook,Stories,43243,29501,140,1090,4647.23,121,46957.8,0.32,33.19,910.45
08-07-2024,Summer Sale,Facebook,Reels,45809,29366,441,1360,8865.01,167,33448.81,0.96,20.1,277.31
08-07-2024,Summer Sale,Instagram,Feed,13646,11931,1005,971,4639.43,189,58130.18,7.36,4.62,1152.96
08-07-2024,Summer Sale,Instagram,Stories,25609,22730,1119,868,1813.03,114,22587.92,4.37,1.62,1145.87
08-07-2024,Summer Sale,Instagram,Reels,29063,23707,775,856,6493.64,53,15392.27,2.67,8.38,137.04
08-07-2024,New Collection,Facebook,Feed,28150,24801,763,118,5353.79,35,11057.8,2.71,7.02,106.54
08-07-2024,New Collection,Facebook,Stories,6762,4161,1367,1007,9597.13,153,44323.32,20.22,7.02,361.84
08-07-2024,New Collection,Facebook,Reels,39888,28139,812,1290,7344.33,103,28214.89,2.04,9.04,284.17
08-07-2024,New Collection,Instagram,Feed,18350,15519,1926,1302,1021.05,178,37176.73,10.5,0.53,3541.03
08-07-2024,New Collection,Instagram,Stories,28393,20110,623,1117,8266.87,48,7426.92,2.19,13.27,-10.16
08-07-2024,New Collection,Instagram,Reels,41408,31320,1946,61,5877.11,82,32216.98,4.7,3.02,448.18
08-07-2024,Brand Awareness,Facebook,Feed,16344,13356,1850,1025,8642.76,24,11072.29,11.32,4.67,28.11
08-07-2024,Brand Awareness,Facebook,Stories,16918,15163,1694,96,1397.49,15,7051.49,10.01,0.82,404.58
08-07-2024,Brand Awareness,Facebook,Reels,17182,13236,1917,299,3815.69,78,29559.51,11.16,1.99,674.68
08-07-2024,Brand Awareness,Instagram,Feed,9232,8099,982,876,9498.4,81,32240.09,10.64,9.67,239.43
08-07-2024,Brand Awareness,Instagram,Stories,30510,21226,1094,664,1333.07,158,38848.87,3.59,1.22,2814.24
08-07-2024,Brand Awareness,Instagram,Reels,40435,30096,287,180,7266.6,167,46160.95,0.71,25.32,535.25
08-07-2024,Festive Offer,Facebook,Feed,28510,22001,463,546,5845.61,152,60061.63,1.62,12.63,927.47
08-07-2024,Festive Offer,Facebook,Stories,33687,26436,592,943,4757.55,169,83847.07,1.76,8.04,1662.4
08-07-2024,Festive Offer,Facebook,Reels,42114,27611,858,1347,9451.61,122,60899.18,2.04,11.02,544.33
08-07-2024,Festive Offer,Instagram,Feed,21371,17741,128,526,1338.37,184,61143.73,0.6,10.46,4468.52
08-07-2024,Festive Offer,Instagram,Stories,23155,16659,1362,975,4759.9,102,31518.78,5.88,3.49,562.17
08-07-2024,Festive Offer,Instagram,Reels,15816,10013,1812,1215,3673.03,67,25876.83,11.46,2.03,604.51
09-07-2024,Summer Sale,Facebook,Feed,45600,27604,531,634,1985.21,120,44623.07,1.16,3.74,2147.78
09-07-2024,Summer Sale,Facebook,Stories,36883,32641,286,110,3330.84,123,32844.97,0.78,11.65,886.09
09-07-2024,Summer Sale,Facebook,Reels,45970,36041,1185,1226,7690.18,3,578.01,2.58,6.49,-92.48
09-07-2024,Summer Sale,Instagram,Feed,20934,16377,1433,1439,3076.03,56,10538.89,6.85,2.15,242.61
09-07-2024,Summer Sale,Instagram,Stories,32376,26997,605,103,9721.92,176,54085.53,1.87,16.07,456.33
09-07-2024,Summer Sale,Instagram,Reels,23297,15193,1876,468,7824.15,61,30410.59,8.05,4.17,288.68
09-07-2024,New Collection,Facebook,Feed,29578,21858,259,830,3014.36,88,29671.49,0.88,11.64,884.34
09-07-2024,New Collection,Facebook,Stories,39701,24910,1480,1001,3390.4,28,12753.98,3.73,2.29,276.18
09-07-2024,New Collection,Facebook,Reels,42784,36735,837,570,3961.46,24,7688.23,1.96,4.73,94.08
09-07-2024,New Collection,Instagram,Feed,20585,13911,1083,87,3337.78,132,15775.77,5.26,3.08,372.64
09-07-2024,New Collection,Instagram,Stories,46873,41653,553,1022,9050.32,80,9968.54,1.18,16.37,10.15
09-07-2024,New Collection,Instagram,Reels,14516,10957,323,164,8422.13,55,20066.46,2.23,26.07,138.26
09-07-2024,Brand Awareness,Facebook,Feed,11183,9610,1982,1362,8907.67,146,65300.59,17.72,4.49,633.08
09-07-2024,Brand Awareness,Facebook,Stories,7139,4620,452,865,7375.27,106,20720.46,6.33,16.32,180.95
09-07-2024,Brand Awareness,Facebook,Reels,31292,19768,1293,471,2702.99,132,59709.98,4.13,2.09,2109.03
09-07-2024,Brand Awareness,Instagram,Feed,14017,8533,860,584,1046.31,159,37213.56,6.14,1.22,3456.65
09-07-2024,Brand Awareness,Instagram,Stories,41509,26907,1674,405,6005.64,76,23027.02,4.03,3.59,283.42
09-07-2024,Brand Awareness,Instagram,Reels,38062,23797,1347,1186,6038.6,103,21003.91,3.54,4.48,247.83
09-07-2024,Festive Offer,Facebook,Feed,17987,13706,547,724,2156.04,157,16857.26,3.04,3.94,681.86
09-07-2024,Festive Offer,Facebook,Stories,26736,22780,1347,1485,6693.6,36,5076.14,5.04,4.97,-24.16
09-07-2024,Festive Offer,Facebook,Reels,18507,14923,1015,1315,9525.68,191,73204.35,5.48,9.38,668.49
09-07-2024,Festive Offer,Instagram,Feed,13073,9200,985,523,1672.25,49,24306.91,7.53,1.7,1353.55
09-07-2024,Festive Offer,Instagram,Stories,29860,24631,815,1300,6349.56,6,757.5,2.73,7.79,-88.07
09-07-2024,Festive Offer,Instagram,Reels,49064,34911,1769,996,3272.58,25,4089.38,3.61,1.85,24.96
10-07-2024,Summer Sale,Facebook,Feed,18025,15921,1408,1172,5062.48,38,11810.77,7.81,3.6,133.3
10-07-2024,Summer Sale,Facebook,Stories,40612,28002,256,1203,7955.41,83,30029.77,0.63,31.08,277.48
10-07-2024,Summer Sale,Facebook,Reels,27042,23939,1830,797,1281.72,20,9276.2,6.77,0.7,623.73
10-07-2024,Summer Sale,Instagram,Feed,33602,24169,183,1460,3807.57,57,26085.46,0.54,20.81,585.09
10-07-2024,Summer Sale,Instagram,Stories,24982,16586,1285,1058,6865,11,3576.1,5.14,5.34,-47.91
10-07-2024,Summer Sale,Instagram,Reels,28019,21377,307,1133,2669.73,144,19651.07,1.1,8.7,636.07
10-07-2024,New Collection,Facebook,Feed,13711,10092,690,248,6635.98,191,41574.43,5.03,9.62,526.5
10-07-2024,New Collection,Facebook,Stories,10655,9485,1951,965,8168.84,152,15274.9,18.31,4.19,86.99
10-07-2024,New Collection,Facebook,Reels,16536,11149,1359,570,2804.72,187,23502.83,8.22,2.06,737.97
10-07-2024,New Collection,Instagram,Feed,10109,6881,600,1417,4899.22,63,17771.55,5.94,8.17,262.74
10-07-2024,New Collection,Instagram,Stories,41935,26072,1912,1393,4559.91,94,36542.97,4.56,2.38,701.4
10-07-2024,New Collection,Instagram,Reels,11154,9225,1424,151,9170.37,10,2922.03,12.77,6.44,-68.14
10-07-2024,Brand Awareness,Facebook,Feed,14768,9316,500,1119,2282.46,79,23142.46,3.39,4.56,913.93
10-07-2024,Brand Awareness,Facebook,Stories,35811,25203,1783,985,1087.94,96,29480.13,4.98,0.61,2609.72
10-07-2024,Brand Awareness,Facebook,Reels,32424,22865,1868,638,1707.21,149,34096.84,5.76,0.91,1897.23
10-07-2024,Brand Awareness,Instagram,Feed,20525,13551,970,171,8205.28,105,17534.27,4.73,8.46,113.69
10-07-2024,Brand Awareness,Instagram,Stories,11090,9004,416,58,9425.91,102,35208.12,3.75,22.66,273.52
10-07-2024,Brand Awareness,Instagram,Reels,38320,33743,1493,1391,8050.8,110,46852.31,3.9,5.39,481.96
10-07-2024,Festive Offer,Facebook,Feed,31630,27468,558,949,6377.28,21,5899.47,1.76,11.43,-7.49
10-07-2024,Festive Offer,Facebook,Stories,38282,29014,1250,923,4947.46,11,2187.25,3.27,3.96,-55.79
10-07-2024,Festive Offer,Facebook,Reels,6560,5147,1424,1220,9782.79,99,39373.45,21.71,6.87,302.48
10-07-2024,Festive Offer,Instagram,Feed,33380,24370,1754,337,5483.76,81,8775.9,5.25,3.13,60.03
10-07-2024,Festive Offer,Instagram,Stories,21082,14750,761,361,9773.14,130,17239.38,3.61,12.84,76.4
10-07-2024,Festive Offer,Instagram,Reels,13946,9290,134,1280,3319.15,75,12725.8,0.96,24.77,283.41
11-07-2024,Summer Sale,Facebook,Feed,5956,4333,123,565,7618.15,125,61882.48,2.07,61.94,712.3
11-07-2024,Summer Sale,Facebook,Stories,44063,37899,1685,657,6292.53,116,29951.9,3.82,3.73,375.99
11-07-2024,Summer Sale,Facebook,Reels,17003,13250,677,981,4795.49,169,83968.21,3.98,7.08,1650.98
11-07-2024,Summer Sale,Instagram,Feed,47229,31322,736,1310,5192.32,20,7864.9,1.56,7.05,51.47
11-07-2024,Summer Sale,Instagram,Stories,32490,26471,893,801,6416.7,41,7995.71,2.75,7.19,24.61
11-07-2024,Summer Sale,Instagram,Reels,27861,18229,101,886,1622.2,40,7955.7,0.36,16.06,390.43
11-07-2024,New Collection,Facebook,Feed,35523,26059,480,553,6214.73,83,27985.97,1.35,12.95,350.32
11-07-2024,New Collection,Facebook,Stories,40984,28428,990,77,3323.2,4,920.3,2.42,3.36,-72.31
11-07-2024,New Collection,Facebook,Reels,26927,17213,559,350,3133.25,30,5832.61,2.08,5.61,86.15
11-07-2024,New Collection,Instagram,Feed,49738,32375,729,893,8459.95,0,0,1.47,11.6,-100
11-07-2024,New Collection,Instagram,Stories,43663,38623,1806,362,2503.38,27,3096.05,4.14,1.39,23.67
11-07-2024,New Collection,Instagram,Reels,11116,8252,1327,205,8777.95,133,24250.75,11.94,6.61,176.27
11-07-2024,Brand Awareness,Facebook,Feed,39707,24504,433,560,3080.18,25,2893.44,1.09,7.11,-6.06
11-07-2024,Brand Awareness,Facebook,Stories,44030,32391,1158,1132,3845.4,178,20759.99,2.63,3.32,439.87
11-07-2024,Brand Awareness,Facebook,Reels,46235,34397,792,1324,1044.46,49,23972.72,1.71,1.32,2195.23
11-07-2024,Brand Awareness,Instagram,Feed,20398,13794,1346,476,5399.62,171,53505.56,6.6,4.01,890.91
11-07-2024,Brand Awareness,Instagram,Stories,44062,28191,483,357,7342.13,123,45432.88,1.1,15.2,518.8
11-07-2024,Brand Awareness,Instagram,Reels,15225,9563,1464,718,4993.75,4,1941.35,9.62,3.41,-61.12
11-07-2024,Festive Offer,Facebook,Feed,43006,30632,1341,1487,5474.57,144,62258.53,3.12,4.08,1037.23
11-07-2024,Festive Offer,Facebook,Stories,5302,4403,843,1036,9378.54,45,21036.2,15.9,11.13,124.3
11-07-2024,Festive Offer,Facebook,Reels,40840,36031,1270,1126,7002.74,104,14834.27,3.11,5.51,111.84
11-07-2024,Festive Offer,Instagram,Feed,41059,32087,1109,624,9794.57,168,83552.24,2.7,8.83,753.05
11-07-2024,Festive Offer,Instagram,Stories,11924,7478,684,1232,7646.04,67,24133.71,5.74,11.18,215.64
11-07-2024,Festive Offer,Instagram,Reels,40941,35934,593,68,8270.61,81,36543.67,1.45,13.95,341.85
12-07-2024,Summer Sale,Facebook,Feed,30426,25720,1488,1417,3671.82,198,20256.09,4.89,2.47,451.66
12-07-2024,Summer Sale,Facebook,Stories,8726,6194,1188,760,6070.95,146,37291.79,13.61,5.11,514.27
12-07-2024,Summer Sale,Facebook,Reels,43360,29105,1540,340,3045.43,10,3413.79,3.55,1.98,12.1
12-07-2024,Summer Sale,Instagram,Feed,30537,22906,1041,134,8770,47,20626.75,3.41,8.42,135.2
12-07-2024,Summer Sale,Instagram,Stories,31523,26609,728,714,4421.76,47,15607.24,2.31,6.07,252.96
12-07-2024,Summer Sale,Instagram,Reels,16563,12958,1863,993,5944.73,45,17426.22,11.25,3.19,193.14
12-07-2024,New Collection,Facebook,Feed,18178,11006,526,456,4877.76,79,28360.2,2.89,9.27,481.42
12-07-2024,New Collection,Facebook,Stories,26627,17921,498,764,4420.67,67,31742.89,1.87,8.88,618.06
12-07-2024,New Collection,Facebook,Reels,42650,27718,1925,1013,3310.99,51,18769.96,4.51,1.72,466.9
12-07-2024,New Collection,Instagram,Feed,47652,36200,850,1217,1806.64,157,60674.26,1.78,2.13,3258.4
12-07-2024,New Collection,Instagram,Stories,49976,36185,688,1418,5702.33,6,2234.68,1.38,8.29,-60.81
12-07-2024,New Collection,Instagram,Reels,34734,22763,1008,1008,1961.89,169,29421.44,2.9,1.95,1399.65
12-07-2024,Brand Awareness,Facebook,Feed,29611,22062,1207,1458,4361.59,172,60760.81,4.08,3.61,1293.09
12-07-2024,Brand Awareness,Facebook,Stories,16130,12589,240,1191,5636.58,136,56779.67,1.49,23.49,907.34
12-07-2024,Brand Awareness,Facebook,Reels,21393,15473,1083,731,9100.21,48,9347.91,5.06,8.4,2.72
12-07-2024,Brand Awareness,Instagram,Feed,39084,26672,1703,580,8660.57,166,60925.31,4.36,5.09,603.48
12-07-2024,Brand Awareness,Instagram,Stories,5145,4049,1014,1042,4815.5,68,11369.99,19.71,4.75,136.11
12-07-2024,Brand Awareness,Instagram,Reels,22633,15051,772,711,1212.75,142,27277.98,3.41,1.57,2149.27
12-07-2024,Festive Offer,Facebook,Feed,45390,35921,1283,1018,4518.15,184,54962.04,2.83,3.52,1116.47
12-07-2024,Festive Offer,Facebook,Stories,38537,24699,1443,1447,5012.12,168,63331.71,3.74,3.47,1163.57
12-07-2024,Festive Offer,Facebook,Reels,49311,41697,799,1291,4035.04,31,6499.59,1.62,5.05,61.08
12-07-2024,Festive Offer,Instagram,Feed,17323,13747,843,122,3910.34,122,28965.75,4.87,4.64,640.75
12-07-2024,Festive Offer,Instagram,Stories,11704,7259,927,566,1629.38,159,50244.76,7.92,1.76,2983.67
12-07-2024,Festive Offer,Instagram,Reels,39503,31761,1685,430,5111.73,85,31262.56,4.27,3.03,511.58
13-07-2024,Summer Sale,Facebook,Feed,24201,18570,713,403,5017.17,115,14266.55,2.95,7.04,184.35
13-07-2024,Summer Sale,Facebook,Stories,49843,44225,1565,336,7793.54,54,16973.88,3.14,4.98,117.79
13-07-2024,Summer Sale,Facebook,Reels,28197,23869,732,1085,4128.14,139,68456.74,2.6,5.64,1558.3
13-07-2024,Summer Sale,Instagram,Feed,15754,11260,1779,1352,4593.84,103,11125.09,11.29,2.58,142.17
13-07-2024,Summer Sale,Instagram,Stories,46323,39495,420,198,1836.36,149,20211.82,0.91,4.37,1000.65
13-07-2024,Summer Sale,Instagram,Reels,31342,20006,899,833,5561.55,141,20735.41,2.87,6.19,272.84
13-07-2024,New Collection,Facebook,Feed,10782,7574,213,410,1788.78,192,42664.27,1.98,8.4,2285.1
13-07-2024,New Collection,Facebook,Stories,43067,31618,1825,1269,8860.03,5,2338.78,4.24,4.85,-73.6
13-07-2024,New Collection,Facebook,Reels,15382,11843,441,293,2876.59,48,7034.23,2.87,6.52,144.53
13-07-2024,New Collection,Instagram,Feed,30169,21546,1552,1289,5792.33,133,20815.99,5.14,3.73,259.37
13-07-2024,New Collection,Instagram,Stories,36750,31076,1047,448,4626.82,65,10498.57,2.85,4.42,126.91
13-07-2024,New Collection,Instagram,Reels,12373,9550,1911,315,8402.33,24,7001.8,15.44,4.4,-16.67
13-07-2024,Brand Awareness,Facebook,Feed,34984,27354,263,882,6456.28,53,22881.85,0.75,24.55,254.41
13-07-2024,Brand Awareness,Facebook,Stories,16138,11612,582,1098,6996.76,135,39324.64,3.61,12.02,462.04
13-07-2024,Brand Awareness,Facebook,Reels,22347,14967,636,1246,5945.77,31,4613.23,2.85,9.35,-22.41
13-07-2024,Brand Awareness,Instagram,Feed,33763,29743,1776,1038,1950.98,133,13317.69,5.26,1.1,582.62
13-07-2024,Brand Awareness,Instagram,Stories,17330,13530,353,712,2368.22,4,1649.22,2.04,6.71,-30.36
13-07-2024,Brand Awareness,Instagram,Reels,36497,22535,444,739,1520.03,55,12041.81,1.22,3.42,692.21
13-07-2024,Festive Offer,Facebook,Feed,42846,27901,182,198,2092.46,189,38963.29,0.42,11.5,1762.08
13-07-2024,Festive Offer,Facebook,Stories,11406,9210,1203,658,5584.8,102,19538.9,10.55,4.64,249.86
13-07-2024,Festive Offer,Facebook,Reels,48108,32051,1482,1294,6615.06,123,54022.38,3.08,4.46,716.66
13-07-2024,Festive Offer,Instagram,Feed,20422,17685,1608,817,2751.6,6,1861.21,7.87,1.71,-32.36
13-07-2024,Festive Offer,Instagram,Stories,32605,21293,1649,647,9674.4,182,48496.01,5.06,5.87,401.28
13-07-2024,Festive Offer,Instagram,Reels,29282,17737,504,710,7842.61,57,10025.04,1.72,15.56,27.83
14-07-2024,Summer Sale,Facebook,Feed,30476,21243,164,291,6663.69,180,75710.67,0.54,40.63,1036.17
14-07-2024,Summer Sale,Facebook,Stories,5671,4034,263,546,5931.64,190,56949.37,4.64,22.55,860.09
14-07-2024,Summer Sale,Facebook,Reels,34300,21888,1917,595,3922.08,81,23522.99,5.59,2.05,499.76
14-07-2024,Summer Sale,Instagram,Feed,19056,13688,1856,1495,4531.54,41,18730.19,9.74,2.44,313.33
14-07-2024,Summer Sale,Instagram,Stories,35911,28642,116,474,7193.21,59,7703.44,0.32,62.01,7.09
14-07-2024,Summer Sale,Instagram,Reels,47080,41387,1133,281,5153.3,33,8399.81,2.41,4.55,63
14-07-2024,New Collection,Facebook,Feed,28253,18875,299,1005,5055.58,172,27531.63,1.06,16.91,444.58
14-07-2024,New Collection,Facebook,Stories,35111,26461,1039,150,1430.48,199,26649.44,2.96,1.38,1762.97
14-07-2024,New Collection,Facebook,Reels,41224,34654,1744,713,1320.14,147,58065.49,4.23,0.76,4298.43
14-07-2024,New Collection,Instagram,Feed,49857,44745,465,485,7971.88,134,55413.97,0.93,17.14,595.12
14-07-2024,New Collection,Instagram,Stories,33138,20860,541,399,8474.81,7,1442.13,1.63,15.67,-82.98
14-07-2024,New Collection,Instagram,Reels,47533,29691,1746,1293,9090.11,135,55038.05,3.67,5.21,505.47
14-07-2024,Brand Awareness,Facebook,Feed,40144,32123,1061,1012,2092.48,125,25535.66,2.64,1.97,1120.35
14-07-2024,Brand Awareness,Facebook,Stories,47600,42266,268,168,1377.56,113,25864.14,0.56,5.14,1777.53
14-07-2024,Brand Awareness,Facebook,Reels,25131,18654,751,819,6416.93,180,84261.4,2.99,8.54,1213.11
14-07-2024,Brand Awareness,Instagram,Feed,8983,7051,1411,1299,2152.86,14,2020.52,15.71,1.53,-6.15
14-07-2024,Brand Awareness,Instagram,Stories,28953,18197,282,537,4888.69,123,31421.72,0.97,17.34,542.74
14-07-2024,Brand Awareness,Instagram,Reels,16889,11520,889,1245,2777.23,173,18179.87,5.26,3.12,554.6
14-07-2024,Festive Offer,Facebook,Feed,17258,14579,221,88,8618.63,174,34955.98,1.28,39,305.59
14-07-2024,Festive Offer,Facebook,Stories,33044,24391,1121,351,7556.42,134,23079.87,3.39,6.74,205.43
14-07-2024,Festive Offer,Facebook,Reels,47719,33213,302,711,9862.03,21,6632.27,0.63,32.66,-32.75
14-07-2024,Festive Offer,Instagram,Feed,24921,15937,869,512,1826.84,49,9084.82,3.49,2.1,397.3
14-07-2024,Festive Offer,Instagram,Stories,41850,35665,1530,510,4720.75,164,55126.81,3.66,3.09,1067.76
14-07-2024,Festive Offer,Instagram,Reels,13706,8659,802,72,7199.97,38,12573.03,5.85,8.98,74.63
15-07-2024,Summer Sale,Facebook,Feed,14496,10584,1251,185,5154.02,143,60732.23,8.63,4.12,1078.35
15-07-2024,Summer Sale,Facebook,Stories,30860,27698,614,1177,2745.58,63,26461.79,1.99,4.47,863.8
15-07-2024,Summer Sale,Facebook,Reels,49522,37959,572,351,6543.87,154,57773.66,1.16,11.44,782.87
15-07-2024,Summer Sale,Instagram,Feed,7159,5452,1136,981,1047.07,89,38802.72,15.87,0.92,3605.84
15-07-2024,Summer Sale,Instagram,Stories,40851,24645,308,1491,7828.09,19,4384.68,0.75,25.42,-43.99
15-07-2024,Summer Sale,Instagram,Reels,39546,27353,1858,1284,9967.01,131,33293.7,4.7,5.36,234.04
15-07-2024,New Collection,Facebook,Feed,43019,35883,1143,1063,6337.4,36,13147.8,2.66,5.54,107.46
15-07-2024,New Collection,Facebook,Stories,18109,10882,970,87,2501.97,187,78105.96,5.36,2.58,3021.78
15-07-2024,New Collection,Facebook,Reels,20379,15823,372,565,5590.99,2,251.88,1.83,15.03,-95.49
15-07-2024,New Collection,Instagram,Feed,28225,22887,1178,815,5379.38,157,66253.31,4.17,4.57,1131.62
15-07-2024,New Collection,Instagram,Stories,33731,25280,1014,260,1526.96,108,43023.97,3.01,1.51,2717.62
15-07-2024,New Collection,Instagram,Reels,26817,17778,1097,917,5655.42,175,43642.38,4.09,5.16,671.69
15-07-2024,Brand Awareness,Facebook,Feed,10469,8591,282,530,1797.4,115,14376.94,2.69,6.37,699.87
15-07-2024,Brand Awareness,Facebook,Stories,30051,24941,862,1069,3694.99,160,42959.88,2.87,4.29,1062.65
15-07-2024,Brand Awareness,Facebook,Reels,39051,32634,759,448,4689.14,77,30714.36,1.94,6.18,555.01
15-07-2024,Brand Awareness,Instagram,Feed,19472,15116,701,549,4260.12,49,8139.76,3.6,6.08,91.07
15-07-2024,Brand Awareness,Instagram,Stories,33272,28264,1985,759,5662.71,108,44607.54,5.97,2.85,687.74
15-07-2024,Brand Awareness,Instagram,Reels,22833,16642,646,630,8577.4,164,47947.43,2.83,13.28,459
15-07-2024,Festive Offer,Facebook,Feed,30279,24580,360,1333,1448.58,38,11346.21,1.19,4.02,683.26
15-07-2024,Festive Offer,Facebook,Stories,34312,28096,891,858,2430.17,59,8999.85,2.6,2.73,270.34
15-07-2024,Festive Offer,Facebook,Reels,12736,11166,1666,1034,9609.53,157,33456.43,13.08,5.77,248.16
15-07-2024,Festive Offer,Instagram,Feed,42481,25951,513,952,3222.81,13,2597.64,1.21,6.28,-19.4
15-07-2024,Festive Offer,Instagram,Stories,37591,31118,1523,254,3413.25,72,21242.05,4.05,2.24,522.34
15-07-2024,Festive Offer,Instagram,Reels,35314,27753,695,924,2253.21,195,44084.78,1.97,3.24,1856.53
16-07-2024,Summer Sale,Facebook,Feed,35682,22334,1642,1472,1196.41,147,22225.71,4.6,0.73,1757.7
16-07-2024,Summer Sale,Facebook,Stories,46903,33677,298,541,8089.42,141,55318.3,0.64,27.15,583.84
16-07-2024,Summer Sale,Facebook,Reels,23745,16074,120,1204,7526.4,164,53485.66,0.51,62.72,610.64
16-07-2024,Summer Sale,Instagram,Feed,23322,20793,470,433,9706.21,188,27380,2.02,20.65,182.09
16-07-2024,Summer Sale,Instagram,Stories,12345,8241,728,539,1799.56,85,27581.57,5.9,2.47,1432.68
16-07-2024,Summer Sale,Instagram,Reels,14879,9942,1696,77,7505.33,168,70002.24,11.4,4.43,832.7
16-07-2024,New Collection,Facebook,Feed,26008,16242,1733,247,8622.27,73,12140.62,6.66,4.98,40.81
16-07-2024,New Collection,Facebook,Stories,22921,19597,121,1139,1878.06,143,37852.99,0.53,15.52,1915.54
16-07-2024,New Collection,Facebook,Reels,17924,13687,1802,393,8082.73,37,15634.77,10.05,4.49,93.43
16-07-2024,New Collection,Instagram,Feed,21994,18435,1827,610,2812.27,134,60146.47,8.31,1.54,2038.72
16-07-2024,New Collection,Instagram,Stories,14369,11890,482,933,5674.47,119,17909.68,3.35,11.77,215.62
16-07-2024,New Collection,Instagram,Reels,35798,23214,1849,831,3149.17,167,82497.31,5.17,1.7,2519.65
16-07-2024,Brand Awareness,Facebook,Feed,44961,27343,980,1327,4092.97,43,13565.67,2.18,4.18,231.44
16-07-2024,Brand Awareness,Facebook,Stories,46971,29668,326,650,4576.43,170,69741.61,0.69,14.04,1423.93
16-07-2024,Brand Awareness,Facebook,Reels,34450,22599,603,57,3584.24,40,13241.49,1.75,5.94,269.44
16-07-2024,Brand Awareness,Instagram,Feed,12239,9703,666,287,5797.26,41,11440.69,5.44,8.7,97.35
16-07-2024,Brand Awareness,Instagram,Stories,24909,16186,1391,897,8714.61,2,917.75,5.58,6.26,-89.47
16-07-2024,Brand Awareness,Instagram,Reels,6898,5188,139,269,2818.14,7,3203.17,2.02,20.27,13.66
16-07-2024,Festive Offer,Facebook,Feed,22071,15316,1742,1039,6537.68,18,8153.4,7.89,3.75,24.71
16-07-2024,Festive Offer,Facebook,Stories,20149,18064,1139,1182,9856.99,20,7801.48,5.65,8.65,-20.85
16-07-2024,Festive Offer,Facebook,Reels,6283,5432,1023,296,2168.44,68,22025.35,16.28,2.12,915.72
16-07-2024,Festive Offer,Instagram,Feed,48360,39452,295,979,2887.78,132,64598.55,0.61,9.79,2136.96
16-07-2024,Festive Offer,Instagram,Stories,16739,11532,1600,695,7392.19,171,84683.68,9.56,4.62,1045.58
16-07-2024,Festive Offer,Instagram,Reels,26953,21441,1042,506,4220.18,130,58750.74,3.87,4.05,1292.14
17-07-2024,Summer Sale,Facebook,Feed,46945,29757,1400,1291,1905.74,162,25399.78,2.98,1.36,1232.8
17-07-2024,Summer Sale,Facebook,Stories,11450,7526,1042,1148,6860.33,175,57907.48,9.1,6.58,744.09
17-07-2024,Summer Sale,Facebook,Reels,11416,9610,936,911,9811.94,162,18216.29,8.2,10.48,85.65
17-07-2024,Summer Sale,Instagram,Feed,32516,20546,371,532,7176.94,155,57763.51,1.14,19.34,704.85
17-07-2024,Summer Sale,Instagram,Stories,15693,12500,300,50,8533.37,86,11251.48,1.91,28.44,31.85
17-07-2024,Summer Sale,Instagram,Reels,14794,12721,615,192,2913.8,56,12408.4,4.16,4.74,325.85
17-07-2024,New Collection,Facebook,Feed,49333,42973,1777,1474,7894.58,98,12116.48,3.6,4.44,53.48
17-07-2024,New Collection,Facebook,Stories,15449,13473,1238,1324,1001.7,186,26857.62,8.01,0.81,2581.2
17-07-2024,New Collection,Facebook,Reels,20223,14926,657,661,4434.51,189,47658.28,3.25,6.75,974.71
17-07-2024,New Collection,Instagram,Feed,43429,32299,1969,330,4793,13,6074,4.53,2.43,26.73
17-07-2024,New Collection,Instagram,Stories,39518,33886,761,132,9754.99,130,52206.02,1.93,12.82,435.17
17-07-2024,New Collection,Instagram,Reels,29264,17716,383,1400,6592.1,72,15976.83,1.31,17.21,142.36
17-07-2024,Brand Awareness,Facebook,Feed,18686,12789,732,992,5048.58,119,45395.45,3.92,6.9,799.17
17-07-2024,Brand Awareness,Facebook,Stories,19140,12038,775,335,1415.11,160,46001.15,4.05,1.83,3150.71
17-07-2024,Brand Awareness,Facebook,Reels,34492,23037,1862,383,7688.74,195,24530.32,5.4,4.13,219.04
17-07-2024,Brand Awareness,Instagram,Feed,19849,13876,1996,1200,6635.59,15,2937.06,10.06,3.32,-55.74
17-07-2024,Brand Awareness,Instagram,Stories,36600,22340,531,1108,3409.99,49,16137.65,1.45,6.42,373.25
17-07-2024,Brand Awareness,Instagram,Reels,18615,12398,1399,1062,1844.72,188,21254.95,7.52,1.32,1052.2
17-07-2024,Festive Offer,Facebook,Feed,30634,18974,1076,529,6145.95,44,16622.33,3.51,5.71,170.46
17-07-2024,Festive Offer,Facebook,Stories,39215,34242,431,223,7964.92,104,24577.93,1.1,18.48,208.58
17-07-2024,Festive Offer,Facebook,Reels,28132,22002,505,554,7323.7,131,48544.74,1.8,14.5,562.84
17-07-2024,Festive Offer,Instagram,Feed,48355,32410,639,125,5389,85,17430.97,1.32,8.43,223.45
17-07-2024,Festive Offer,Instagram,Stories,39775,29507,1285,1434,5556.39,86,22599.83,3.23,4.32,306.74
17-07-2024,Festive Offer,Instagram,Reels,7261,4362,1788,622,5252.44,26,4056.25,24.62,2.94,-22.77
18-07-2024,Summer Sale,Facebook,Feed,24835,22139,461,142,5256.74,98,17487.03,1.86,11.4,232.66
18-07-2024,Summer Sale,Facebook,Stories,10410,7122,1555,702,5833.07,48,4947.15,14.94,3.75,-15.19
18-07-2024,Summer Sale,Facebook,Reels,22543,19233,654,914,4049.75,84,23134.89,2.9,6.19,471.27
18-07-2024,Summer Sale,Instagram,Feed,22087,15881,417,431,3500.4,87,11730.83,1.89,8.39,235.13
18-07-2024,Summer Sale,Instagram,Stories,9648,6118,1652,868,8918.76,182,81843.4,17.12,5.4,817.65
18-07-2024,Summer Sale,Instagram,Reels,9492,7694,1827,956,2183.4,45,7473.67,19.25,1.2,242.3
18-07-2024,New Collection,Facebook,Feed,49199,40291,1743,633,9168.5,108,37061.51,3.54,5.26,304.23
18-07-2024,New Collection,Facebook,Stories,8311,6777,1424,1037,8390.78,7,3116.07,17.13,5.89,-62.86
18-07-2024,New Collection,Facebook,Reels,18654,12634,1793,776,1365.03,83,31094.79,9.61,0.76,2177.96
18-07-2024,New Collection,Instagram,Feed,9033,6459,1447,688,6963.98,146,49425.18,16.02,4.81,609.73
18-07-2024,New Collection,Instagram,Stories,38703,33675,1207,381,1721.62,142,56791.52,3.12,1.43,3198.73
18-07-2024,New Collection,Instagram,Reels,10889,8644,1058,251,4257.28,74,25121.3,9.72,4.02,490.08
18-07-2024,Brand Awareness,Facebook,Feed,14101,9048,309,762,6513.16,27,4555.96,2.19,21.08,-30.05
18-07-2024,Brand Awareness,Facebook,Stories,16777,10400,1728,1423,2279.23,80,30236.24,10.3,1.32,1226.6
18-07-2024,Brand Awareness,Facebook,Reels,33939,24933,518,1384,6194.8,100,14920.13,1.53,11.96,140.85
18-07-2024,Brand Awareness,Instagram,Feed,17336,12186,1250,1352,8350.51,37,16214.94,7.21,6.68,94.18
18-07-2024,Brand Awareness,Instagram,Stories,18749,13667,1230,660,1698.53,72,16021.83,6.56,1.38,843.28
18-07-2024,Brand Awareness,Instagram,Reels,41027,34442,1487,244,8718.06,78,31491.75,3.62,5.86,261.22
18-07-2024,Festive Offer,Facebook,Feed,21743,16843,1198,1191,7350.27,160,49652.01,5.51,6.14,575.51
18-07-2024,Festive Offer,Facebook,Stories,41129,26721,539,56,2283.35,55,22261.95,1.31,4.24,874.97
18-07-2024,Festive Offer,Facebook,Reels,23990,16839,1271,1275,6812.4,162,38271.15,5.3,5.36,461.79
18-07-2024,Festive Offer,Instagram,Feed,16738,13035,225,930,7094.09,68,21245.52,1.34,31.53,199.48
18-07-2024,Festive Offer,Instagram,Stories,16951,13121,1751,882,1947.33,112,17496.77,10.33,1.11,798.5
18-07-2024,Festive Offer,Instagram,Reels,44748,27218,1025,492,5787.21,44,11162.04,2.29,5.65,92.87
19-07-2024,Summer Sale,Facebook,Feed,47138,28720,1553,497,4727.35,50,5467.04,3.29,3.04,15.65
19-07-2024,Summer Sale,Facebook,Stories,19138,14115,224,591,2170.43,121,17721.13,1.17,9.69,716.48
19-07-2024,Summer Sale,Facebook,Reels,11313,7853,223,1160,4997.15,17,7321.61,1.97,22.41,46.52
19-07-2024,Summer Sale,Instagram,Feed,23800,16339,896,480,2364.26,144,36605.49,3.76,2.64,1448.29
19-07-2024,Summer Sale,Instagram,Stories,44919,34247,1401,1238,5300.91,140,44335.47,3.12,3.78,736.37
19-07-2024,Summer Sale,Instagram,Reels,26300,22396,1502,948,3721,159,60993.27,5.71,2.48,1539.16
19-07-2024,New Collection,Facebook,Feed,9857,7414,1620,432,3432.23,43,18587.84,16.44,2.12,441.57
19-07-2024,New Collection,Facebook,Stories,14714,11390,1508,1353,9997.42,140,49069.12,10.25,6.63,390.82
19-07-2024,New Collection,Facebook,Reels,31762,22885,1095,322,7611.2,81,28298.35,3.45,6.95,271.8
19-07-2024,New Collection,Instagram,Feed,49695,36696,861,1048,4556.24,27,11907.62,1.73,5.29,161.35
19-07-2024,New Collection,Instagram,Stories,40428,35256,263,113,6337.13,97,37719.16,0.65,24.1,495.21
19-07-2024,New Collection,Instagram,Reels,6708,5775,1682,444,5943.9,4,1670.74,25.07,3.53,-71.89
19-07-2024,Brand Awareness,Facebook,Feed,6960,4247,657,932,5164.08,47,6461.04,9.44,7.86,25.12
19-07-2024,Brand Awareness,Facebook,Stories,34535,26820,681,1301,3572.05,160,52013.55,1.97,5.25,1356.13
19-07-2024,Brand Awareness,Facebook,Reels,7454,5826,498,753,5430.93,178,81485.02,6.68,10.91,1400.39
19-07-2024,Brand Awareness,Instagram,Feed,8802,6452,181,821,8259.3,162,29190.75,2.06,45.63,253.43
19-07-2024,Brand Awareness,Instagram,Stories,39631,23816,215,386,8622.72,95,18634.53,0.54,40.11,116.11
19-07-2024,Brand Awareness,Instagram,Reels,45510,30801,1929,886,5593.89,188,88463.97,4.24,2.9,1481.44
19-07-2024,Festive Offer,Facebook,Feed,38905,34188,579,732,8848.44,137,21067.05,1.49,15.28,138.09
19-07-2024,Festive Offer,Facebook,Stories,17413,12321,376,243,4000.67,34,6265.59,2.16,10.64,56.61
19-07-2024,Festive Offer,Facebook,Reels,25536,15389,1857,68,2805.86,25,10784.69,7.27,1.51,284.36
19-07-2024,Festive Offer,Instagram,Feed,16590,10025,641,1138,4076.04,36,14262.86,3.86,6.36,249.92
19-07-2024,Festive Offer,Instagram,Stories,25620,22574,1867,237,6926.86,126,57174.98,7.29,3.71,725.41
19-07-2024,Festive Offer,Instagram,Reels,34218,21602,293,1338,7508.35,127,47620.24,0.86,25.63,534.23
20-07-2024,Summer Sale,Facebook,Feed,39782,27522,1481,959,8274.12,172,65205.63,3.72,5.59,688.07
20-07-2024,Summer Sale,Facebook,Stories,7092,4469,1696,407,3696.09,167,24243.83,23.91,2.18,555.93
20-07-2024,Summer Sale,Facebook,Reels,17449,11737,1869,1431,1452.03,193,74120.5,10.71,0.78,5004.61
20-07-2024,Summer Sale,Instagram,Feed,15350,13185,607,953,3632.64,119,31182.89,3.95,5.98,758.41
20-07-2024,Summer Sale,Instagram,Stories,41469,32137,832,370,5940.82,157,77180.01,2.01,7.14,1199.15
20-07-2024,Summer Sale,Instagram,Reels,39324,27815,1526,1386,7836.5,30,13663.91,3.88,5.14,74.36
20-07-2024,New Collection,Facebook,Feed,12190,8957,643,1083,8392.89,53,6821.65,5.27,13.05,-18.72
20-07-2024,New Collection,Facebook,Stories,5159,3812,1137,1061,3728.75,78,25038.03,22.04,3.28,571.49
20-07-2024,New Collection,Facebook,Reels,23691,20730,1328,825,3442.68,118,19287.06,5.61,2.59,460.23
20-07-2024,New Collection,Instagram,Feed,20649,17492,949,1148,3443.92,48,10897.67,4.6,3.63,216.43
20-07-2024,New Collection,Instagram,Stories,28545,17528,1984,1169,6341.37,86,28664.37,6.95,3.2,352.02
20-07-2024,New Collection,Instagram,Reels,19087,12865,489,938,1744.44,155,21817.33,2.56,3.57,1150.68
20-07-2024,Brand Awareness,Facebook,Feed,24008,16352,1742,477,6146.28,81,36996.66,7.26,3.53,501.94
20-07-2024,Brand Awareness,Facebook,Stories,48148,42032,1206,673,9426.89,178,24157.41,2.5,7.82,156.26
20-07-2024,Brand Awareness,Facebook,Reels,37441,28011,570,978,9371.54,119,44070.35,1.52,16.44,370.26
20-07-2024,Brand Awareness,Instagram,Feed,11318,7654,122,284,6997.47,160,33820.12,1.08,57.36,383.32
20-07-2024,Brand Awareness,Instagram,Stories,38290,30740,1908,842,3682.47,20,5803.25,4.98,1.93,57.59
20-07-2024,Brand Awareness,Instagram,Reels,10842,9756,1775,962,4240.45,47,11940.26,16.37,2.39,181.58
20-07-2024,Festive Offer,Facebook,Feed,30599,22728,1676,276,4328.32,123,54560.67,5.48,2.58,1160.55
20-07-2024,Festive Offer,Facebook,Stories,18324,14029,309,1173,8653.13,15,3726.97,1.69,28,-56.93
20-07-2024,Festive Offer,Facebook,Reels,35154,30374,1945,1173,7100.32,172,19672.58,5.53,3.65,177.07
20-07-2024,Festive Offer,Instagram,Feed,25360,22297,1851,323,7633.87,69,24697.38,7.3,4.12,223.52
20-07-2024,Festive Offer,Instagram,Stories,24604,20026,639,1138,9011.94,12,1478.84,2.6,14.1,-83.59
20-07-2024,Festive Offer,Instagram,Reels,9213,6953,153,1117,1898.8,73,7729.05,1.66,12.41,307.05
21-07-2024,Summer Sale,Facebook,Feed,25132,17622,1225,917,9539.61,162,48137.63,4.87,7.79,404.61
21-07-2024,Summer Sale,Facebook,Stories,39926,30315,713,1255,3400.08,28,7997.87,1.79,4.77,135.23
21-07-2024,Summer Sale,Facebook,Reels,6401,4604,1311,168,7965.92,174,32698.45,20.48,6.08,310.48
21-07-2024,Summer Sale,Instagram,Feed,16867,14457,797,224,8264.4,161,27804,4.73,10.37,236.43
21-07-2024,Summer Sale,Instagram,Stories,33038,22729,1859,82,7651.24,6,1435.43,5.63,4.12,-81.24
21-07-2024,Summer Sale,Instagram,Reels,25093,15065,111,604,6967.07,134,60528.07,0.44,62.77,768.77
21-07-2024,New Collection,Facebook,Feed,25936,22553,259,274,6455.32,199,36384.76,1,24.92,463.64
21-07-2024,New Collection,Facebook,Stories,29770,26233,588,1299,5356.69,78,9663.15,1.98,9.11,80.39
21-07-2024,New Collection,Facebook,Reels,46475,41690,1725,680,8066.71,95,34236.38,3.71,4.68,324.42
21-07-2024,New Collection,Instagram,Feed,21616,14431,1652,1272,2267.23,25,10971.94,7.64,1.37,383.94
21-07-2024,New Collection,Instagram,Stories,36226,24737,1424,510,8300.11,103,47644.54,3.93,5.83,474.02
21-07-2024,New Collection,Instagram,Reels,12006,9518,1535,1122,9526.56,101,21836.38,12.79,6.21,129.22
21-07-2024,Brand Awareness,Facebook,Feed,14915,12931,1692,538,7210,25,3973.03,11.34,4.26,-44.9
21-07-2024,Brand Awareness,Facebook,Stories,10939,8032,460,995,3717.25,14,3383.9,4.21,8.08,-8.97
21-07-2024,Brand Awareness,Facebook,Reels,26625,23661,376,1463,3472.33,85,34369.05,1.41,9.23,889.8
21-07-2024,Brand Awareness,Instagram,Feed,36433,26590,401,52,2491.75,92,26913.07,1.1,6.21,980.09
21-07-2024,Brand Awareness,Instagram,Stories,5492,4406,1358,380,8138.29,10,2567.43,24.73,5.99,-68.45
21-07-2024,Brand Awareness,Instagram,Reels,49523,31331,1705,629,9562.87,47,12345.47,3.44,5.61,29.1
21-07-2024,Festive Offer,Facebook,Feed,12866,9736,1213,1405,3335.88,88,41162.44,9.43,2.75,1133.93
21-07-2024,Festive Offer,Facebook,Stories,43870,29137,410,203,1127.71,107,44623.07,0.93,2.75,3856.96
21-07-2024,Festive Offer,Facebook,Reels,8642,7631,224,668,4556.85,79,38782.93,2.59,20.34,751.09
21-07-2024,Festive Offer,Instagram,Feed,10366,6722,619,57,7957.8,93,33130.88,5.97,12.86,316.33
21-07-2024,Festive Offer,Instagram,Stories,26542,17220,692,803,7944.64,85,29004.19,2.61,11.48,265.08
21-07-2024,Festive Offer,Instagram,Reels,23852,19924,173,1229,3058.09,170,20131.86,0.73,17.68,558.31
22-07-2024,Summer Sale,Facebook,Feed,23601,15420,1887,505,8274.48,21,5701.1,8,4.38,-31.1
22-07-2024,Summer Sale,Facebook,Stories,48896,36391,448,1246,2066.52,8,1292.18,0.92,4.61,-37.47
22-07-2024,Summer Sale,Facebook,Reels,24702,21897,766,178,1404.2,92,26921.02,3.1,1.83,1817.18
22-07-2024,Summer Sale,Instagram,Feed,33482,21000,1079,1432,6194.1,16,6640.31,3.22,5.74,7.2
22-07-2024,Summer Sale,Instagram,Stories,46075,35441,960,1164,4740.44,192,37662.64,2.08,4.94,694.5
22-07-2024,Summer Sale,Instagram,Reels,20417,17874,253,1339,8558.35,40,4622.88,1.24,33.83,-45.98
22-07-2024,New Collection,Facebook,Feed,39681,25894,1316,403,7115.95,168,80670.86,3.32,5.41,1033.66
22-07-2024,New Collection,Facebook,Stories,17996,13154,1379,996,4847.52,75,30263.29,7.66,3.52,524.3
22-07-2024,New Collection,Facebook,Reels,48410,34173,1232,1376,9133.82,153,69924.56,2.54,7.41,665.56
22-07-2024,New Collection,Instagram,Feed,9557,8094,231,133,5477.86,115,20905.2,2.42,23.71,281.63
22-07-2024,New Collection,Instagram,Stories,44464,31101,1491,664,1295.29,67,14612.48,3.35,0.87,1028.12
22-07-2024,New Collection,Instagram,Reels,40236,25288,806,1356,8522.43,188,73451.54,2,10.57,761.86
22-07-2024,Brand Awareness,Facebook,Feed,24991,19902,635,339,8882.95,180,38338.01,2.54,13.99,331.59
22-07-2024,Brand Awareness,Facebook,Stories,48884,35076,680,230,7889.92,56,18825.66,1.39,11.6,138.6
22-07-2024,Brand Awareness,Facebook,Reels,30275,21454,665,729,3035.13,165,17165.98,2.2,4.56,465.58
22-07-2024,Brand Awareness,Instagram,Feed,43402,26060,483,893,3018.64,163,64671.64,1.11,6.25,2042.41
22-07-2024,Brand Awareness,Instagram,Stories,31564,24711,1466,751,8362.24,111,47365.01,4.64,5.7,466.42
22-07-2024,Brand Awareness,Instagram,Reels,21589,15355,1308,1452,9995.9,38,7151.42,6.06,7.64,-28.46
22-07-2024,Festive Offer,Facebook,Feed,10141,7734,312,802,4426.21,30,12045.96,3.08,14.19,172.15
22-07-2024,Festive Offer,Facebook,Stories,42306,35291,261,570,3419.62,9,2634.72,0.62,13.1,-22.95
22-07-2024,Festive Offer,Facebook,Reels,7832,6929,1959,1184,7429.82,148,47957.43,25.01,3.79,545.47
22-07-2024,Festive Offer,Instagram,Feed,7800,6337,1956,612,4323.53,126,54306.32,25.08,2.21,1156.06
22-07-2024,Festive Offer,Instagram,Stories,25583,20832,1906,1271,9288.95,150,22507.52,7.45,4.87,142.3
22-07-2024,Festive Offer,Instagram,Reels,38276,26922,1761,1491,8263.64,72,17145.85,4.6,4.69,107.49
23-07-2024,Summer Sale,Facebook,Feed,42125,37641,1463,1410,7310.53,75,27631.66,3.47,5,277.97
23-07-2024,Summer Sale,Facebook,Stories,31732,24268,282,1012,5342.5,99,41033.74,0.89,18.95,668.06
23-07-2024,Summer Sale,Facebook,Reels,38919,27839,1575,900,8039.54,162,16939.89,4.05,5.1,110.71
23-07-2024,Summer Sale,Instagram,Feed,48833,43513,1924,750,1877.63,58,17425.24,3.94,0.98,828.04
23-07-2024,Summer Sale,Instagram,Stories,9997,7600,988,1241,1465.02,192,42918.48,9.88,1.48,2829.55
23-07-2024,Summer Sale,Instagram,Reels,49367,31375,489,1313,8200.03,146,37758.74,0.99,16.77,360.47
23-07-2024,New Collection,Facebook,Feed,9986,8583,1678,1168,3788.09,150,33992.98,16.8,2.26,797.36
23-07-2024,New Collection,Facebook,Stories,24477,18368,982,889,3254.21,183,86763.75,4.01,3.31,2566.2
23-07-2024,New Collection,Facebook,Reels,16889,15108,1907,1252,1109.41,71,8572.14,11.29,0.58,672.68
23-07-2024,New Collection,Instagram,Feed,5112,3508,1135,380,2722.85,139,48443.86,22.2,2.4,1679.16
23-07-2024,New Collection,Instagram,Stories,24552,20127,616,895,6449.54,119,49206.97,2.51,10.47,662.95
23-07-2024,New Collection,Instagram,Reels,35013,25553,149,68,7097.87,122,14961.38,0.43,47.64,110.79
23-07-2024,Brand Awareness,Facebook,Feed,23990,21191,1802,1214,8063.76,134,47290.32,7.51,4.47,486.45
23-07-2024,Brand Awareness,Facebook,Stories,14741,10694,314,809,9913.26,23,4842.14,2.13,31.57,-51.15
23-07-2024,Brand Awareness,Facebook,Reels,34240,21237,1515,251,2614.28,5,1595.57,4.42,1.73,-38.97
23-07-2024,Brand Awareness,Instagram,Feed,30917,25394,780,474,2839.97,176,45591.91,2.52,3.64,1505.37
23-07-2024,Brand Awareness,Instagram,Stories,44930,29725,486,1418,7661.45,1,214.98,1.08,15.76,-97.19
23-07-2024,Brand Awareness,Instagram,Reels,15825,14093,265,1368,2549,19,4159.41,1.67,9.62,63.18
23-07-2024,Festive Offer,Facebook,Feed,34267,27226,1606,1487,6774.69,149,72414.92,4.69,4.22,968.9
23-07-2024,Festive Offer,Facebook,Stories,39510,31718,1406,530,7048.5,69,15536.24,3.56,5.01,120.42
23-07-2024,Festive Offer,Facebook,Reels,41963,32701,1182,462,2566.74,82,11673.71,2.82,2.17,354.81
23-07-2024,Festive Offer,Instagram,Feed,20438,16778,1438,609,1060.14,21,7351.72,7.04,0.74,593.47
23-07-2024,Festive Offer,Instagram,Stories,23845,14668,124,930,4470.52,6,1207.44,0.52,36.05,-72.99
23-07-2024,Festive Offer,Instagram,Reels,5082,3657,1773,1310,6555.24,159,58668.49,34.89,3.7,794.99
24-07-2024,Summer Sale,Facebook,Feed,13367,8428,1289,419,7685.42,177,24257.88,9.64,5.96,215.64
24-07-2024,Summer Sale,Facebook,Stories,12674,11081,1464,416,3328.4,92,28068.33,11.55,2.27,743.3
24-07-2024,Summer Sale,Facebook,Reels,29473,22895,1014,92,6739.19,169,64278.65,3.44,6.65,853.8
24-07-2024,Summer Sale,Instagram,Feed,33327,21988,138,200,1450.17,179,18884.18,0.41,10.51,1202.2
24-07-2024,Summer Sale,Instagram,Stories,43462,28872,836,118,1694.31,33,4125.35,1.92,2.03,143.48
24-07-2024,Summer Sale,Instagram,Reels,13252,10864,1045,1387,6373.86,15,1986.9,7.89,6.1,-68.83
24-07-2024,New Collection,Facebook,Feed,31249,26296,1461,324,5441.51,62,19697.5,4.68,3.72,261.99
24-07-2024,New Collection,Facebook,Stories,49717,39029,486,882,3280.21,90,27772.16,0.98,6.75,746.66
24-07-2024,New Collection,Facebook,Reels,38458,27356,593,1146,2855.96,106,33425.27,1.54,4.82,1070.37
24-07-2024,New Collection,Instagram,Feed,43256,37830,895,598,6998.17,55,22822.21,2.07,7.82,226.12
24-07-2024,New Collection,Instagram,Stories,40585,34989,544,172,7349.15,167,46262.04,1.34,13.51,529.49
24-07-2024,New Collection,Instagram,Reels,43506,36336,1672,112,3631.45,138,46856.27,3.84,2.17,1190.29
24-07-2024,Brand Awareness,Facebook,Feed,18516,14388,871,184,1505.58,53,5900.2,4.7,1.73,291.89
24-07-2024,Brand Awareness,Facebook,Stories,36707,25119,1330,1076,4687.04,120,24491.36,3.62,3.52,422.53
24-07-2024,Brand Awareness,Facebook,Reels,36781,23839,1464,694,8078.7,91,33277.59,3.98,5.52,311.92
24-07-2024,Brand Awareness,Instagram,Feed,36174,30539,1062,852,8252.6,128,28662.11,2.94,7.77,247.31
24-07-2024,Brand Awareness,Instagram,Stories,16707,12605,382,326,7682.78,121,52202.09,2.29,20.11,579.47
24-07-2024,Brand Awareness,Instagram,Reels,11296,7820,1872,593,8283.92,132,30452.01,16.57,4.43,267.6
24-07-2024,Festive Offer,Facebook,Feed,43889,32990,1300,856,3086.05,112,15795.04,2.96,2.37,411.82
24-07-2024,Festive Offer,Facebook,Stories,5136,3934,1129,596,4140.01,168,74512.49,21.98,3.67,1699.81
24-07-2024,Festive Offer,Facebook,Reels,37854,26627,564,463,4952.9,28,7942.92,1.49,8.78,60.37
24-07-2024,Festive Offer,Instagram,Feed,33246,27147,752,1445,3066.38,150,40776.52,2.26,4.08,1229.79
24-07-2024,Festive Offer,Instagram,Stories,49278,42324,1739,534,7591.61,17,3718.15,3.53,4.37,-51.02
24-07-2024,Festive Offer,Instagram,Reels,18045,12695,388,687,2491.73,169,76500.38,2.15,6.42,2970.17
25-07-2024,Summer Sale,Facebook,Feed,26113,20639,1773,164,3001.25,27,6058.83,6.79,1.69,101.88
25-07-2024,Summer Sale,Facebook,Stories,40062,28736,1682,196,4021.06,125,60493.14,4.2,2.39,1404.41
25-07-2024,Summer Sale,Facebook,Reels,48370,35040,1632,1362,4860.5,18,6688.65,3.37,2.98,37.61
25-07-2024,Summer Sale,Instagram,Feed,42865,28338,548,1427,4707.62,128,45128.65,1.28,8.59,858.63
25-07-2024,Summer Sale,Instagram,Stories,17207,10919,338,294,2054.84,156,42999.56,1.96,6.08,1992.6
25-07-2024,Summer Sale,Instagram,Reels,11160,7078,170,354,7110.08,57,17277.96,1.52,41.82,143.01
25-07-2024,New Collection,Facebook,Feed,30396,18402,292,578,8715.78,130,42155.27,0.96,29.85,383.67
25-07-2024,New Collection,Facebook,Stories,41468,33771,515,1217,1089.81,155,58731.08,1.24,2.12,5289.11
25-07-2024,New Collection,Facebook,Reels,38272,32645,1721,548,2146.48,117,48744.92,4.5,1.25,2170.92
25-07-2024,New Collection,Instagram,Feed,5717,3744,1536,1011,4641.12,14,4011.33,26.87,3.02,-13.57
25-07-2024,New Collection,Instagram,Stories,8764,6278,1041,1305,1139.57,127,23036.42,11.88,1.09,1921.5
25-07-2024,New Collection,Instagram,Reels,16999,14673,1771,765,2635.51,103,50184.31,10.42,1.49,1804.16
25-07-2024,Brand Awareness,Facebook,Feed,30307,24078,215,734,5054.31,76,32035.96,0.71,23.51,533.83
25-07-2024,Brand Awareness,Facebook,Stories,7382,6637,631,684,1385.54,66,12410.94,8.55,2.2,795.75
25-07-2024,Brand Awareness,Facebook,Reels,13397,10483,1955,1000,4326.17,59,22956.61,14.59,2.21,430.65
25-07-2024,Brand Awareness,Instagram,Feed,32769,26629,1602,1487,2959.01,61,26652.74,4.89,1.85,800.73
25-07-2024,Brand Awareness,Instagram,Stories,19683,16560,770,366,1933.11,47,5949.51,3.91,2.51,207.77
25-07-2024,Brand Awareness,Instagram,Reels,26639,20648,1324,1441,7765.72,38,14097.6,4.97,5.87,81.54
25-07-2024,Festive Offer,Facebook,Feed,16763,10131,1844,1284,6584.26,28,7130.15,11,3.57,8.29
25-07-2024,Festive Offer,Facebook,Stories,40931,28819,1388,974,2428.11,143,57698.52,3.39,1.75,2276.27
25-07-2024,Festive Offer,Facebook,Reels,16138,12849,1912,853,8673.26,61,9918.03,11.85,4.54,14.35
25-07-2024,Festive Offer,Instagram,Feed,41284,33598,1392,577,2820.29,58,10100.65,3.37,2.03,258.14
25-07-2024,Festive Offer,Instagram,Stories,45172,38778,1054,783,9170.55,43,17126.96,2.33,8.7,86.76
25-07-2024,Festive Offer,Instagram,Reels,26839,20810,692,1251,4445.19,89,24947.64,2.58,6.42,461.23
26-07-2024,Summer Sale,Facebook,Feed,12485,9105,835,111,7231.23,194,92271.71,6.69,8.66,1176.02
26-07-2024,Summer Sale,Facebook,Stories,32869,22921,160,734,8433.26,148,55922.74,0.49,52.71,563.12
26-07-2024,Summer Sale,Facebook,Reels,5922,5016,967,1048,7991.11,131,37283.8,16.33,8.26,366.57
26-07-2024,Summer Sale,Instagram,Feed,42701,35531,1463,389,4315.12,27,5046.09,3.43,2.95,16.94
26-07-2024,Summer Sale,Instagram,Stories,8748,5941,674,942,8912.67,162,69616.38,7.7,13.22,681.09
26-07-2024,Summer Sale,Instagram,Reels,24259,20800,1243,951,4860.86,109,49621.95,5.12,3.91,920.85
26-07-2024,New Collection,Facebook,Feed,21103,18365,1890,153,7000.95,145,63502.54,8.96,3.7,807.06
26-07-2024,New Collection,Facebook,Stories,7378,5991,1305,737,8439.87,139,32061.14,17.69,6.47,279.88
26-07-2024,New Collection,Facebook,Reels,14306,11477,579,414,5192.43,94,10917.19,4.05,8.97,110.25
26-07-2024,New Collection,Instagram,Feed,24212,14690,902,966,8053.64,157,35342.46,3.73,8.93,338.84
26-07-2024,New Collection,Instagram,Stories,11644,7041,902,1488,7879.18,113,43218.36,7.75,8.74,448.51
26-07-2024,New Collection,Instagram,Reels,35926,28232,1891,1428,9445.72,196,87371.57,5.26,5,824.99
26-07-2024,Brand Awareness,Facebook,Feed,35857,27763,438,432,7597.03,193,73911.05,1.22,17.34,872.89
26-07-2024,Brand Awareness,Facebook,Stories,44850,29989,1788,260,8815.7,138,65088.5,3.99,4.93,638.32
26-07-2024,Brand Awareness,Facebook,Reels,11838,8976,639,1388,5223.57,148,72882.18,5.4,8.17,1295.26
26-07-2024,Brand Awareness,Instagram,Feed,19211,16162,1881,1087,1480.13,138,59772.32,9.79,0.79,3938.32
26-07-2024,Brand Awareness,Instagram,Stories,24610,21142,1690,937,9475.23,20,7053.15,6.87,5.61,-25.56
26-07-2024,Brand Awareness,Instagram,Reels,41182,32668,1548,906,6837.75,149,24209.91,3.76,4.42,254.06
26-07-2024,Festive Offer,Facebook,Feed,11982,8676,1383,665,7346.25,174,48922.61,11.54,5.31,565.95
26-07-2024,Festive Offer,Facebook,Stories,26133,15829,1557,1185,1224.7,58,22031.64,5.96,0.79,1698.94
26-07-2024,Festive Offer,Facebook,Reels,26259,22079,1419,1295,9191.92,155,45786.73,5.4,6.48,398.12
26-07-2024,Festive Offer,Instagram,Feed,10213,6598,112,854,8504.13,65,30454,1.1,75.93,258.11
26-07-2024,Festive Offer,Instagram,Stories,47570,33607,975,1223,7323.76,28,7541.35,2.05,7.51,2.97
26-07-2024,Festive Offer,Instagram,Reels,10021,7836,1844,677,3216.57,173,62905.94,18.4,1.74,1855.68
27-07-2024,Summer Sale,Facebook,Feed,23950,20570,1075,1312,7151.08,154,60825.45,4.49,6.65,750.58
27-07-2024,Summer Sale,Facebook,Stories,27615,23218,1379,980,2804.98,36,16522.07,4.99,2.03,489.03
27-07-2024,Summer Sale,Facebook,Reels,44542,32938,924,656,7983.2,109,25518.17,2.07,8.64,219.65
27-07-2024,Summer Sale,Instagram,Feed,10750,9084,1391,1137,9027.04,156,20910.46,12.94,6.49,131.64
27-07-2024,Summer Sale,Instagram,Stories,39314,24426,1221,413,2513.06,19,2319.69,3.11,2.06,-7.69
27-07-2024,Summer Sale,Instagram,Reels,7775,4839,1005,832,2325.48,130,64235.8,12.93,2.31,2662.26
27-07-2024,New Collection,Facebook,Feed,31616,20054,1931,285,3505.32,103,18839.65,6.11,1.82,437.46
27-07-2024,New Collection,Facebook,Stories,30479,20413,1216,1133,8439.57,27,6537.45,3.99,6.94,-22.54
27-07-2024,New Collection,Facebook,Reels,22420,14867,135,1159,9084.14,81,19201.7,0.6,67.29,111.38
27-07-2024,New Collection,Instagram,Feed,23814,15395,1979,839,5360.84,118,45155.09,8.31,2.71,742.31
27-07-2024,New Collection,Instagram,Stories,8373,5415,195,241,6226.29,167,36982.08,2.33,31.93,493.97
27-07-2024,New Collection,Instagram,Reels,28906,18854,1235,1416,1740.45,56,21620.18,4.27,1.41,1142.22
27-07-2024,Brand Awareness,Facebook,Feed,46185,30353,876,1162,6168.59,114,56624.84,1.9,7.04,817.95
27-07-2024,Brand Awareness,Facebook,Stories,13080,8629,1522,880,2137.21,12,5949.37,11.64,1.4,178.37
27-07-2024,Brand Awareness,Facebook,Reels,40208,28605,139,1030,5404.53,190,61527.99,0.35,38.88,1038.45
27-07-2024,Brand Awareness,Instagram,Feed,22618,16023,543,276,8197.46,143,33074.93,2.4,15.1,303.48
27-07-2024,Brand Awareness,Instagram,Stories,49739,41220,286,879,9129.68,108,51902.42,0.58,31.92,468.5
27-07-2024,Brand Awareness,Instagram,Reels,6252,4816,1513,1066,5616.07,13,4652.68,24.2,3.71,-17.15
27-07-2024,Festive Offer,Facebook,Feed,27523,24211,1674,894,6955.01,190,62386.68,6.08,4.15,797
27-07-2024,Festive Offer,Facebook,Stories,21436,18355,1857,1310,4659.01,149,50889.52,8.66,2.51,992.28
27-07-2024,Festive Offer,Facebook,Reels,11855,9144,346,234,8070.79,31,12991.88,2.92,23.33,60.97
27-07-2024,Festive Offer,Instagram,Feed,25866,16194,1891,1250,7565.17,92,38490.09,7.31,4,408.78
27-07-2024,Festive Offer,Instagram,Stories,24800,16520,1250,815,5680.67,83,16589.01,5.04,4.54,192.03
27-07-2024,Festive Offer,Instagram,Reels,16669,10004,487,688,6402.53,176,61763.96,2.92,13.15,864.68
28-07-2024,Summer Sale,Facebook,Feed,32340,20879,436,530,5989.04,16,3481.27,1.35,13.74,-41.87
28-07-2024,Summer Sale,Facebook,Stories,43215,26448,1854,377,2867.87,110,50971.12,4.29,1.55,1677.32
28-07-2024,Summer Sale,Facebook,Reels,29486,21816,1352,1345,6537.28,144,54955.2,4.59,4.84,740.64
28-07-2024,Summer Sale,Instagram,Feed,33684,24007,707,287,8447.98,12,4437.12,2.1,11.95,-47.48
28-07-2024,Summer Sale,Instagram,Stories,18878,14218,948,677,7030.29,179,54405.55,5.02,7.42,673.87
28-07-2024,Summer Sale,Instagram,Reels,44390,27303,664,975,5960.44,51,24039.02,1.5,8.98,303.31
28-07-2024,New Collection,Facebook,Feed,24456,14856,1167,1171,2939.51,31,3715.22,4.77,2.52,26.39
28-07-2024,New Collection,Facebook,Stories,22888,14499,1360,1002,2702.25,154,26087.36,5.94,1.99,865.39
28-07-2024,New Collection,Facebook,Reels,30920,25986,206,932,7756.93,170,61303.07,0.67,37.66,690.3
28-07-2024,New Collection,Instagram,Feed,48423,38894,605,473,9362.3,133,32765.13,1.25,15.47,249.97
28-07-2024,New Collection,Instagram,Stories,29484,25004,592,871,1787.94,176,34103.56,2.01,3.02,1807.42
28-07-2024,New Collection,Instagram,Reels,31762,19344,955,1188,3643.98,103,48748.05,3.01,3.82,1237.77
28-07-2024,Brand Awareness,Facebook,Feed,42531,33855,372,233,3857.95,193,67134.35,0.87,10.37,1640.16
28-07-2024,Brand Awareness,Facebook,Stories,17580,13218,1494,1291,9216.38,163,79111.09,8.5,6.17,758.37
28-07-2024,Brand Awareness,Facebook,Reels,5307,4324,1693,1178,4121.97,187,92760.14,31.9,2.43,2150.38
28-07-2024,Brand Awareness,Instagram,Feed,26689,18735,351,845,3349.44,47,20389.95,1.32,9.54,508.76
28-07-2024,Brand Awareness,Instagram,Stories,18255,12993,571,949,2786.42,154,21089.41,3.13,4.88,656.86
28-07-2024,Brand Awareness,Instagram,Reels,48919,38086,283,521,4072.83,24,11167.03,0.58,14.39,174.18
28-07-2024,Festive Offer,Facebook,Feed,10698,6434,1373,679,6957.22,25,8975.16,12.83,5.07,29
28-07-2024,Festive Offer,Facebook,Stories,49041,42729,1334,1078,2033.17,26,3178.3,2.72,1.52,56.32
28-07-2024,Festive Offer,Facebook,Reels,22570,19398,559,1355,7454.09,94,22814.5,2.48,13.33,206.07
28-07-2024,Festive Offer,Instagram,Feed,17427,11998,1594,232,1963.51,88,34485.86,9.15,1.23,1656.34
28-07-2024,Festive Offer,Instagram,Stories,25354,19805,1501,901,8478.54,189,55627.8,5.92,5.65,556.1
28-07-2024,Festive Offer,Instagram,Reels,43652,38630,1266,927,6364.74,45,15880.29,2.9,5.03,149.5
29-07-2024,Summer Sale,Facebook,Feed,14175,10163,988,119,9121.72,111,20775.15,6.97,9.23,127.75
29-07-2024,Summer Sale,Facebook,Stories,46430,40833,190,788,6099.45,150,56981.39,0.41,32.1,834.21
29-07-2024,Summer Sale,Facebook,Reels,15377,13574,444,552,3285.44,191,27080.33,2.89,7.4,724.25
29-07-2024,Summer Sale,Instagram,Feed,39484,27972,410,492,9825.11,92,17526.93,1.04,23.96,78.39
29-07-2024,Summer Sale,Instagram,Stories,35266,29448,851,409,1291.99,29,12916.2,2.41,1.52,899.71
29-07-2024,Summer Sale,Instagram,Reels,44019,37941,943,766,6111.77,190,61655.43,2.14,6.48,908.8
29-07-2024,New Collection,Facebook,Feed,46691,31651,705,747,4881.1,161,19342.51,1.51,6.92,296.27
29-07-2024,New Collection,Facebook,Stories,6587,5319,956,327,3038.69,110,36275.22,14.51,3.18,1093.78
29-07-2024,New Collection,Facebook,Reels,34432,27773,1314,1499,8411.97,21,6109.74,3.82,6.4,-27.37
29-07-2024,New Collection,Instagram,Feed,23412,16593,1331,578,6015.8,140,18742.55,5.69,4.52,211.56
29-07-2024,New Collection,Instagram,Stories,18136,13504,595,823,6091.19,13,3281.15,3.28,10.24,-46.13
29-07-2024,New Collection,Instagram,Reels,49476,41910,754,318,5132.12,162,17285.81,1.52,6.81,236.82
29-07-2024,Brand Awareness,Facebook,Feed,18269,14709,669,1290,6415.14,46,13350.97,3.66,9.59,108.12
29-07-2024,Brand Awareness,Facebook,Stories,16795,10889,489,803,9740.36,16,7539.85,2.91,19.92,-22.59
29-07-2024,Brand Awareness,Facebook,Reels,19719,12519,655,68,7962.15,162,21176.84,3.32,12.16,165.97
29-07-2024,Brand Awareness,Instagram,Feed,31514,25350,1735,171,8502.8,103,23469.66,5.51,4.9,176.02
29-07-2024,Brand Awareness,Instagram,Stories,27908,24273,244,1123,1952.87,31,12400.35,0.87,8,534.98
29-07-2024,Brand Awareness,Instagram,Reels,14343,9802,497,512,4557.33,67,21609.59,3.47,9.17,374.17
29-07-2024,Festive Offer,Facebook,Feed,9827,6356,1313,907,2513.83,193,62303.53,13.36,1.91,2378.43
29-07-2024,Festive Offer,Facebook,Stories,33807,30108,891,208,9623.06,44,19122.37,2.64,10.8,98.71
29-07-2024,Festive Offer,Facebook,Reels,41343,36172,975,1051,3849.28,29,11627.82,2.36,3.95,202.08
29-07-2024,Festive Offer,Instagram,Feed,36601,30535,1320,472,7583.47,170,77764.43,3.61,5.75,925.45
29-07-2024,Festive Offer,Instagram,Stories,24094,14514,552,543,1968.53,92,42874.23,2.29,3.57,2077.98
29-07-2024,Festive Offer,Instagram,Reels,46247,39460,1741,1497,5927.24,5,1150.42,3.76,3.4,-80.59
30-07-2024,Summer Sale,Facebook,Feed,41730,28443,546,860,9805.19,131,30095.72,1.31,17.96,206.94
30-07-2024,Summer Sale,Facebook,Stories,48856,32404,908,465,7039.84,197,54417.19,1.86,7.75,672.99
30-07-2024,Summer Sale,Facebook,Reels,22600,18870,249,828,5089.63,2,998.1,1.1,20.44,-80.39
30-07-2024,Summer Sale,Instagram,Feed,7123,5256,698,162,3740.43,72,12418.08,9.8,5.36,232
30-07-2024,Summer Sale,Instagram,Stories,21508,15613,1298,933,5918.13,29,11904.97,6.03,4.56,101.16
30-07-2024,Summer Sale,Instagram,Reels,39785,30619,1360,544,7815.55,57,13464.42,3.42,5.75,72.28
30-07-2024,New Collection,Facebook,Feed,11782,9408,1148,165,4020.61,9,1741.73,9.74,3.5,-56.68
30-07-2024,New Collection,Facebook,Stories,11548,10305,1337,552,3380.64,125,55920.48,11.58,2.53,1554.14
30-07-2024,New Collection,Facebook,Reels,30553,20290,153,833,6165.55,17,7534.09,0.5,40.3,22.2
30-07-2024,New Collection,Instagram,Feed,13378,11826,1981,1002,8086.35,174,34651.99,14.81,4.08,328.52
30-07-2024,New Collection,Instagram,Stories,40113,28449,175,1048,1056.32,58,18220.54,0.44,6.04,1624.91
30-07-2024,New Collection,Instagram,Reels,9686,8439,171,624,1455.16,11,2906.18,1.77,8.51,99.72
30-07-2024,Brand Awareness,Facebook,Feed,33202,22130,116,514,3034.71,7,3305.12,0.35,26.16,8.91
30-07-2024,Brand Awareness,Facebook,Stories,42583,31299,903,1248,8836.2,157,33268.05,2.12,9.79,276.5
30-07-2024,Brand Awareness,Facebook,Reels,6094,4556,1303,1366,7547.76,142,36611.71,21.38,5.79,385.07
30-07-2024,Brand Awareness,Instagram,Feed,17205,11155,1559,667,2877.3,164,66266.56,9.06,1.85,2203.08
30-07-2024,Brand Awareness,Instagram,Stories,29860,24490,1783,880,4249.67,149,22383.71,5.97,2.38,426.72
30-07-2024,Brand Awareness,Instagram,Reels,44876,27392,1049,94,4037.79,33,5853.35,2.34,3.85,44.96
30-07-2024,Festive Offer,Facebook,Feed,46789,32913,320,741,9061.21,163,24261.67,0.68,28.32,167.75
30-07-2024,Festive Offer,Facebook,Stories,36730,24688,1673,288,8114.68,147,54277.82,4.55,4.85,568.88
30-07-2024,Festive Offer,Facebook,Reels,46347,33328,1173,965,6907.47,74,18070.05,2.53,5.89,161.6
30-07-2024,Festive Offer,Instagram,Feed,31553,21493,1959,638,9933.24,105,31694,6.21,5.07,219.07
30-07-2024,Festive Offer,Instagram,Stories,9675,6295,1270,1232,6934.81,184,55721.27,13.13,5.46,703.5
30-07-2024,Festive Offer,Instagram,Reels,40230,36028,1462,337,6574.51,115,32036.33,3.63,4.5,387.28
